<?xml version="1.0" encoding="UTF-8"?>
<!DOCTYPE suite SYSTEM "https://testng.org/testng-1.0.dtd">
<suite name="Suite" parallel="classes">
  <test thread-count="5" name="Test">
  
        <parameter name="username" value="admin"/>
        <parameter name="password" value="password"/>
      <classes>
      <class name="one.activity6"/>
     <class name="one.activity7"/>
      <class name="one.activity5"/>
      <class name="one.activity9"/>
      <class name="one.activity10"/>
      <class name="one.activity3"/>
      <class name="one.activity1"/>
      <class name="one.activity2"/>
    </classes>
  </test> <!-- Test -->
</suite> <!-- Suite -->
