<?xml version="1.0" encoding="UTF-8"?>
<!DOCTYPE suite SYSTEM "https://testng.org/testng-1.0.dtd">
<suite name="Suite" parallel = "classes">
<listeners>
<listener class-name = "testcaseforjobportal.listners"/>
</listeners>
  <parameter name="username" value="root"/>
  <parameter name="password" value="pa$$w0rd"/>
<test thread-count="5" name="class">
      <classes>
      <class name="testcaseforjobportal.listners"/>
      <class name="testcaseforjobportal.mainpagetestcase"/>
      <class name="testcaseforjobportal.jobspostingtestcases"/>
      <class name="testcaseforjobportal.jobslinktestcase"/>
      <class name="testcaseforjobportal.adminpagetestcase"/>
     </classes>
    </test> <!-- Test -->
    
</suite> <!-- Suite -->
